"","num","taxNum","taxon","rawImprovement","IC"
"1",0,NA,NA,NA,8844.07485089428
"2",1,"157","Quercus ocoteifolia|QUE000444",113.426593880089,8957.50144477437
"3",2,"262","Quercus intricata|QUE002842",106.805095871017,9064.30654064538
"4",3,"199","Quercus laurina|QUE000395",83.7959937428604,9148.10253438824
"5",4,"228","Quercus sapotifolia|QUE000540",91.3672392784938,9239.46977366674
"6",5,"190","Quercus sartorii|QUE000549",38.6979312515796,9278.16770491832
"7",6,"148","Quercus floribunda|QUE001493",24.2397293981612,9302.40743431648
"8",7,"170","Quercus imbricaria|QUE000130",0.416338633709529,9302.82377295019
