"","num","taxNum","taxon","rawImprovement","IC"
"1",0,NA,NA,NA,1329.80203373765
"2",1,"2","Quercus lobata",40.1175210973233,1369.91955483497
"3",2,"25","Quercus semecarpifolia",13.8539757647591,1383.77353059973
