"","compareSect","mean","sd","n","sem","fb_mean_sem"
"1","Cerris",0.007591,0.016507,28,0.003119,"0.007591 +/- 0.003119"
"2","Cyclobalanopsis",0.001691,0.004769,134,0.000412,"0.001691 +/- 0.000412"
"3","INTERSECTION",0.000704,0.004449,7485,5.1e-05,"0.000704 +/- 5.1e-05"
"4","Ilex",0.014297,0.034562,196,0.002469,"0.014297 +/- 0.002469"
"5","Lobatae",0.014594,0.022076,58,0.002899,"0.014594 +/- 0.002899"
"6","Protobalanus",0,0,2,0,"0 +/- 0"
"7","Quercus",0.006114,0.013142,980,0.00042,"0.006114 +/- 0.00042"
