"","num","taxNum","taxon","rawImprovement","IC"
"1",0,NA,NA,NA,8902.34926944833
"2",1,"265","Quercus sartorii|QUE000549",169.20485913614,9071.55412858447
"3",2,"77","Quercus faginea|QUE000993",70.847592153732,9142.4017207382
"4",3,"213","Quercus pagoda|QUE000106",61.9742274585187,9204.37594819672
"5",4,"277","Quercus graciliformis|QUE002933",48.3326678176654,9252.70861601439
"6",5,"286","Quercus sapotifolia|QUE000540",96.9258767081828,9349.63449272257
"7",6,"174","Quercus floribunda|QUE001493",10.5376267201409,9360.17211944271
"8",7,"44","Quercus engelmannii|QUE000310",9.05638471410566,9369.22850415682
"9",8,"216","Quercus imbricaria|QUE000130",7.04270383215953,9376.27120798898
"10",9,"237","Quercus cf. miquihuanensis- autopista|QUE002738",0.896062174673716,9377.16727016365
